nombre_imagen,prediccion
00a411625f65abd87bd054fbf8b6c2deb585407515a59fa2998abf36fcf280e6_1.jpg,eenceatlas!caareaPsheeeayerSeetbeideaEOSre.4967LYLcniaddagoaSty
01cb39be7599009fe0f3caf5d97e22854ebcaf57259fb0ab75efb4a4d6db1a0e_1.jpg,
03b8ee37e75311f8b40f6a2a29cf25449d510ec2500e61bcf5d075ecc597e52d_1.jpg,|TINFAL)
03bd90e78aee31b616ced0278252fd16d2eb3620ab08ead55f600149a5c4004c_1.jpg,
03e841f92593d122199dcbc17fb9dcd86228a0baf529602efe663e1c2eebac25_1.jpg,s0LTe
03efc2c9c798ed28520f2fa05f74fbcb2fecd862cfff48bc82872ba89c43f734.jpg,
03efc2c9c798ed28520f2fa05f74fbcb2fecd862cfff48bc82872ba89c43f734_1.jpg,
04d4e35a9fef9f875a7e4f47f111b570d512d7d8faf1b11362557fc328fb29ad_1.jpg,
0a7b57cd65e08970cacc537a6becba9e59cd91d63c41cc65913f0ca029e0a230_1.jpg,
0a80ed155afc5f79fcec1d4f0bea6409ea1c5cbe2748e63d2404340f41a5e576_1.jpg,10476MNN
0aff94b0cc4cfef9f1c7b1aca3be6b5d10b2528f1a2310306a185124ef3043cc_1.jpg,
0b47c45e9f1b83186ac3555aea3c03b34118846e4d56901927b945fb32adf015_1.jpg,84981KPB.
0c0541f49b528e0be821c2c75394d5eba39e8523dc0711656e7b0e9de2826538_1.jpg,
0cf1335d6e1c10e9bef243600af59249a2258beb8b26efc75ad27154b57888f0_1.jpg,8453JCX
0d3d42ad5af64c2ac046169312e45cc4828dbb99b2d202382dba7f5e4355c513_1.jpg,
0dbeabcefc59ce5bb60f9023a9ae975efd1384ab45f3b8ad144b59bc369123e9_1.jpg,
0e16c455fd6357d777a0a8f62dd8b2366e135aa94a7f3942764db4912f35a82f_1.jpg,
0e32ae0a356ce70dd5602403d17937461fd930f3b258907917fb5394b306e9d1.jpeg,foLe3HVT
0e32ae0a356ce70dd5602403d17937461fd930f3b258907917fb5394b306e9d1_1.jpeg,foLe3HVT
0f2a1e6b27d4f93da2ac1c1336bdbb94ce46cfb0fcce7f863614b71bf54405eb_1.jpg,0842GLEN
0f4636dbfd7bd56a40ef1180572b2e4f6f3b7b8317dc1b6866eca7358facfe60_1.jpg,
0f54593ce358e208c21d7a4adac363a284d46767068bdd8d31bb8b2161e9f617.jpg,44786FWRY
0f54593ce358e208c21d7a4adac363a284d46767068bdd8d31bb8b2161e9f617_1.jpg,44786FWRY
0f6bc9cea7f38650e5690d87a900fff67e3119052472e508b0b97244adf33688_1.jpg,
1b958e7132e9b455f8b3e12c80ec8d332dddf49b1429222dc084d9cb20c09e7f_1.jpg,ayay4bbew\~SASL967LYL~
1c4b2371b3b8b6db73b450b869a570239b659fd64e7e1e1ae1f643a55ed8891e_1.jpg,
1d0842d89fb36e8191c2f3ae595f0a94996b0343efec2eb064a9ee95e6a1ac16_1.jpg,
1d18066355939f6597dd56962339cfce5649c4afee1345f3bb9289965cf0f00e_1.jpg,
1d6a7e7dfafebc35d0ddb210fdfe3f2c711ee5aee8165b0093ee40c35e0ee3bd_1.jpg,
1dbef2f4339284152a2eb1af833b9d699b67d5c8451da592f5d903649aa5e3f0_1.jpg,
1de0301fcb918e5ee9f020cc343a430a89e80afde2b8a931bdd1e1f40bcb642a_1.jpg,
1f30d2f1a6dd81c2aa3405ba3479f365d6e0a8d8436aa28fa4bb4ae9421a3d0c_1.jpg,
1f46e58e6c5c2db36cf230aa1137a69cea4a1825f5f9692846ce46c353550b49.jpg,13654MYH
1f46e58e6c5c2db36cf230aa1137a69cea4a1825f5f9692846ce46c353550b49_1.jpg,13654MYH
1f7780a0132588c410678afe1c4e9bdad9a6aa5d35a4cdb47a57e977b56bdfdc_1.jpg,ieiahaetPeelA:Wrataeana7aeaaiS~
1f855390ac408473250da4281ddecbfa9888a8614d50f5d69de09afc6f548c27_1.jpg,
1ff990273407018b0352299f5e982ea217eb101402ad25de7bb8bc0aeba49ee6_1.jpg,
2b3d42c90b672b58efe8f288d3436a38b46712817d6da6c27d47a5ab3258a75f_1.jpg,
2c2fbfe082b4b0f27ae8ea6c1618cfb98384e6a970fda4aadc416fdaf43e04e1_1.jpg,WninwiooeH4055JTL)
2c88403c0a30c150e98b22a1adcdc98570c18650329ef4df97e56720c51afb9c_1.jpg,"EOV\G,i"
2c8e38abb5dc526588b53723f5857c376f1871e0e6dd53367932a587c0b59018_1.jpg,4429a
2ca6f9eb7af1477817031cac116d119732efe82efc217e45ec3dc983c880a19a_1.jpg,">...6215MTS,"
2d550743ca8bf5981252ab8d71a010add78f42ce4a228eba591f87a2e2cfbb94_1.jpg,
2d595030cf5565acc8c384195bfcaf0e2f7eb877c6600cdf4c6a581ab60c3046_1.jpg,
2d6bcd5227b5eea0105b6bb4e8d4e53ade2218d61aacd111349877fe3a939b39.jpeg,82547GMY:
2d6bcd5227b5eea0105b6bb4e8d4e53ade2218d61aacd111349877fe3a939b39_1.jpeg,82547GMY:
2d8a67db72049053bc505d8fd7414592a52af42e53a34aabfb7fa2cdb787daa9_1.jpg,
2dc487a1f375370bd9af2448a2a4bef19e69a6a1ab8ff54b88e681155b2c2edb_1.jpg,
2dc91cadaabf6d02dabb9cd6706f1f9ae3e4a2a21ecd12965d1140f16dde0c6f_1.jpg,
2e208ecead0a4bc105969082c537b7bf4bcae0956abb361b16e2cdaaf2dfc55c_1.jpg,
2f0ddd8a5a4f22bb5c173f2ba1e98a94ea953f819bf5765281cd340a203d3433_1.jpg,
3a9f56ce9e41db4fdf9d5abe7d642de96baf02e33efe625c752bb868e31f47c9_1.jpg,
4b334e9707ed29695f8eccd4525ae7956c353f5aa130347e10e0af621022e066_1.jpg,16856FTK
